date,cash_eod,option_mv_eod,etf_mv_eod,equity_eod,realized_pnl_cum,unrealized_pnl_eod,daily_pnl,total_pnl_cum,drawdown,equity_curve,daily_return,cum_return,drawdown_pct,rolling_sharpe_60d,benchmark_price,benchmark_shares,benchmark_cash,benchmark_equity,benchmark_return,benchmark_daily_return,excess_equity,excess_return,excess_daily_return
2025-01-02,4576.0,-13468.0,0.0,-8892.0,4576.0,-13468.0,-8892.0,-8892.0,-8892.0,991108.0,-0.008892,-0.008892,-0.008892,0.0,2.019,495294,1.4139999999897555,1000000.0,0.0,0.0,-8892.0,-0.008892,-0.008892
2025-01-03,4576.0,-15704.0,0.0,-11128.0,4576.0,-15704.0,-2236.0,-11128.0,-11128.0,988872.0,-0.002236,-0.011128,-0.011128,0.0,1.978,495294,1.4139999999897555,979692.946,-0.02030705399999999,-0.02030705399999999,9179.054000000004,0.00917905399999999,0.01807105399999999
2025-01-06,4576.0,-13519.999999999998,0.0,-8943.999999999998,4576.0,-13519.999999999998,2184.000000000002,-8943.999999999998,-8943.999999999998,991056.0,0.002184000000000002,-0.008943999999999999,-0.008943999999999999,0.0,1.976,495294,1.4139999999897555,978702.358,-0.02129764199999995,-0.0010111208864415078,12353.641999999993,0.012353641999999951,0.0031951208864415097
2025-01-07,4576.0,-7540.0,0.0,-2964.0,4576.0,-7540.0,5979.999999999998,-2964.0,-2964.0,997036.0,0.005979999999999998,-0.002964,-0.002964,0.0,1.99,495294,1.4139999999897555,985636.4739999999,-0.014363526000000015,0.007085010006688819,11399.52600000007,0.011399526000000016,-0.0011050100066888205
2025-01-08,4576.0,-9620.0,0.0,-5044.0,4576.0,-9620.0,-2080.0,-5044.0,-5044.0,994956.0,-0.00208,-0.005044,-0.005044,0.0,1.968,495294,1.4139999999897555,974740.0059999999,-0.02525999400000012,-0.011055260521943722,20215.994000000064,0.02021599400000012,0.008975260521943721
2025-01-09,4576.0,-8944.0,0.0,-4368.0,4576.0,-8944.0,676.0,-4368.0,-4368.0,995632.0,0.000676,-0.004368,-0.004368,0.0,1.971,495294,1.4139999999897555,976225.888,-0.023774112000000014,0.0015243880325561676,19406.111999999965,0.019406112000000014,-0.0008483880325561677
2025-01-10,4576.0,-13052.000000000002,0.0,-8476.000000000002,4576.0,-13052.000000000002,-4108.000000000002,-8476.000000000002,-8476.000000000002,991524.0,-0.004108000000000001,-0.008476000000000003,-0.008476000000000003,0.0,1.938,495294,1.4139999999897555,959881.186,-0.04011881400000006,-0.01674274591660907,31642.814000000013,0.031642814000000054,0.01263474591660907
2025-01-13,4576.0,-11752.0,0.0,-7176.0,4576.0,-11752.0,1300.0000000000018,-7176.0,-7176.0,992824.0,0.001300000000000002,-0.007176,-0.007176,0.0,1.942,495294,1.4139999999897555,961862.362,-0.03813763800000003,0.0020639804476800805,30961.638000000035,0.030961638000000027,-0.0007639804476800786
2025-01-14,4576.0,-2184.0,0.0,2392.0,4576.0,-2184.0,9568.0,2392.0,0.0,1002392.0,0.009568,0.002392,0.0,0.0,2.036,495294,1.4139999999897555,1008419.998,0.008419997999999929,0.048403636361436186,-6027.998000000021,-0.0060279979999999286,-0.038835636361436186
2025-01-15,4576.0,-3328.0000000000005,0.0,1247.9999999999995,4576.0,-3328.0000000000005,-1144.0000000000005,1247.9999999999995,-1144.0000000000005,1001248.0,-0.0011440000000000005,0.0012479999999999995,-0.0011440000000000005,0.0,1.999,495294,1.4139999999897555,990094.12,-0.009905880000000034,-0.018172862533811007,11153.880000000005,0.011153880000000033,0.017028862533811008
2025-01-16,4576.0,-2444.0,0.0,2132.0,4576.0,-2444.0,884.0000000000005,2132.0,-260.0,1002132.0,0.0008840000000000005,0.002132,-0.00026,0.0,2.01,495294,1.4139999999897555,995542.3539999999,-0.004457646000000093,0.005502743516949682,6589.646000000066,0.006589646000000093,-0.004618743516949682
2025-01-17,4576.0,-1300.0,0.0,3276.0,4576.0,-1300.0,1144.0,3276.0,0.0,1003276.0,0.001144,0.003276,0.0,0.0,2.026,495294,1.4139999999897555,1003467.0579999998,0.003467057999999801,0.00796018769885487,-191.05799999984447,-0.00019105799999980097,-0.00681618769885487
2025-01-20,4576.0,-208.00000000000003,0.0,4368.0,4576.0,-208.00000000000003,1092.0,4368.0,0.0,1004368.0,0.001092,0.004368,0.0,0.0,2.062,495294,1.4139999999897555,1021297.6419999999,0.02129764199999995,0.01776897792294041,-16929.641999999876,-0.01692964199999995,-0.01667697792294041
2025-01-21,4576.0,-52.00000000000001,0.0,4524.0,4576.0,-52.00000000000001,156.0,4524.0,0.0,1004524.0,0.000156,0.004524,0.0,0.0,2.07,495294,1.4139999999897555,1025259.994,0.025259994000000008,0.003879723047475858,-20735.993999999948,-0.020735994000000008,-0.0037237230474758583
2025-01-22,4576.0,0.0,0.0,4576.0,4576.0,0.0,52.0,4576.0,0.0,1004576.0,5.2e-05,0.004576,0.0,0.0,2.059,495294,1.4139999999897555,1019811.7600000001,0.019811760000000067,-0.005314002332953427,-15235.760000000126,-0.015235760000000067,0.005366002332953427
2025-01-23,11336.0,-10348.000000000002,0.0,987.9999999999982,11336.0,-10348.000000000002,-3588.000000000002,987.9999999999982,-3588.000000000002,1000988.0,-0.0035880000000000018,0.0009879999999999982,-0.0035880000000000018,0.0,2.052,495294,1.4139999999897555,1016344.702,0.016344702000000044,-0.003399703882606797,-15356.702000000048,-0.015356702000000047,-0.00018829611739320466
2025-01-24,11336.0,-6240.0,0.0,5096.0,11336.0,-6240.0,4108.000000000002,5096.0,0.0,1005096.0,0.004108000000000001,0.005096,0.0,0.0,2.084,495294,1.4139999999897555,1032194.11,0.032194110000000054,0.015594520214264884,-27098.109999999986,-0.027098110000000054,-0.011486520214264884
2025-01-27,11336.0,-10400.0,0.0,936.0,11336.0,-10400.0,-4160.0,936.0,-4160.0,1000936.0,-0.00416,0.000936,-0.00416,0.0,2.028,495294,1.4139999999897555,1004457.646,0.004457645999999871,-0.026871364340569692,-3521.6459999999497,-0.0035216459999998706,0.022711364340569692
2025-02-05,11336.0,-6604.0,0.0,4732.0,11336.0,-6604.0,3796.0,4732.0,-364.0,1004732.0,0.003796,0.004732,-0.000364,0.0,2.024,495294,1.4139999999897555,1002476.47,0.002476469999999953,-0.0019723838111935788,2255.530000000028,0.0022555300000000472,0.005768383811193579
2025-02-06,11336.0,-2288.0,0.0,9048.0,11336.0,-2288.0,4316.0,9048.0,0.0,1009048.0,0.004316,0.009048,0.0,1.7950958752377109,2.08,495294,1.4139999999897555,1030212.934,0.030212933999999914,0.02766794516384019,-21164.93400000001,-0.021164933999999913,-0.02335194516384019
2025-02-07,11336.0,-1300.0,0.0,10036.0,11336.0,-1300.0,988.0,10036.0,0.0,1010036.0,0.000988,0.010036,0.0,1.9422977596790323,2.131,495294,1.4139999999897555,1055472.9279999998,0.05547292799999992,0.024519197115806968,-45436.92799999984,-0.04543692799999992,-0.02353119711580697
2025-02-10,11336.0,-1092.0,0.0,10244.0,11336.0,-1092.0,208.0,10244.0,0.0,1010244.0,0.000208,0.010244,0.0,1.9367604505986094,2.142,495294,1.4139999999897555,1060921.162,0.060921162000000084,0.005161888908248979,-50677.16200000001,-0.05067716200000008,-0.0049538889082489795
2025-02-11,11336.0,-1144.0,0.0,10192.0,11336.0,-1144.0,-52.0,10192.0,-52.0,1010192.0,-5.2e-05,0.010192,-5.2e-05,1.883820729647714,2.113,495294,1.4139999999897555,1046557.6359999999,0.04655763599999996,-0.013538730788367537,-36365.63599999994,-0.03636563599999996,0.013486730788367537
2025-02-12,11336.0,-624.0,0.0,10712.0,11336.0,-624.0,520.0,10712.0,0.0,1010712.0,0.00052,0.010712,0.0,1.9382294302394727,2.15,495294,1.4139999999897555,1064883.514,0.06488351399999992,0.0175106247086807,-54171.51399999997,-0.05417151399999992,-0.0169906247086807
2025-02-13,11336.0,-520.0,0.0,10816.0,11336.0,-520.0,104.0,10816.0,0.0,1010816.0,0.000104,0.010816,0.0,1.9171705744175302,2.135,495294,1.4139999999897555,1057454.1039999998,0.05745410399999984,-0.00697673492201345,-46638.10399999982,-0.04663810399999984,0.00708073492201345
2025-02-14,11336.0,-416.00000000000006,0.0,10920.0,11336.0,-416.00000000000006,104.0,10920.0,0.0,1010920.0,0.000104,0.01092,0.0,1.897709653343719,2.174,495294,1.4139999999897555,1076770.5699999998,0.07677056999999987,0.01826695449658966,-65850.56999999983,-0.06585056999999987,-0.01816295449658966
2025-02-17,11336.0,-312.0,0.0,11024.0,11336.0,-312.0,104.0,11024.0,0.0,1011024.0,0.000104,0.011024,0.0,1.8796893161661374,2.182,495294,1.4139999999897555,1080732.9219999998,0.08073292199999971,0.0036798479735566936,-69708.92199999979,-0.0697089219999997,-0.0035758479735566936
2025-02-18,11336.0,-312.0,0.0,11024.0,11336.0,-312.0,0.0,11024.0,0.0,1011024.0,0.0,0.011024,0.0,1.8453563005240932,2.14,495294,1.4139999999897555,1059930.574,0.059930574000000014,-0.019248370782952606,-48906.57400000002,-0.048906574000000015,0.019248370782952606
2025-02-19,11336.0,-260.0,0.0,11076.0,11336.0,-260.0,52.0,11076.0,0.0,1011076.0,5.2e-05,0.011076,0.0,1.8214941576462014,2.185,495294,1.4139999999897555,1082218.804,0.08221880400000003,0.02102800933073179,-71142.804,-0.07114280400000003,-0.02097600933073179
2025-02-20,11336.0,-104.00000000000001,0.0,11232.0,11336.0,-104.00000000000001,156.0,11232.0,0.0,1011232.0,0.000156,0.011232,0.0,1.8159628363669136,2.184,495294,1.4139999999897555,1081723.5100000002,0.08172351000000022,-0.00045766530591517807,-70491.51000000024,-0.07049151000000022,0.0006136653059151781
2025-02-21,11336.0,-52.00000000000001,0.0,11284.0,11336.0,-52.00000000000001,52.0,11284.0,0.0,1011284.0,5.2e-05,0.011284,0.0,1.7944227187801358,2.239,495294,1.4139999999897555,1108964.6799999997,0.1089646799999997,0.02518311726441036,-97680.6799999997,-0.0976806799999997,-0.02513111726441036
2025-02-24,11336.0,-52.00000000000001,0.0,11284.0,11336.0,-52.00000000000001,0.0,11284.0,0.0,1011284.0,0.0,0.011284,0.0,1.7658098186304054,2.221,495294,1.4139999999897555,1100049.3879999998,0.10004938799999974,-0.008039293009764692,-88765.3879999998,-0.08876538799999974,0.008039293009764692
2025-02-25,11336.0,-52.00000000000001,0.0,11284.0,11336.0,-52.00000000000001,0.0,11284.0,0.0,1011284.0,0.0,0.011284,0.0,1.7385234077474543,2.197,495294,1.4139999999897555,1088162.332,0.08816233200000001,-0.01080592937887248,-76878.33199999994,-0.07687833200000001,0.01080592937887248
2025-02-26,11336.0,0.0,0.0,11336.0,11336.0,0.0,52.0,11336.0,0.0,1011336.0,5.2e-05,0.011336,0.0,1.7204408502794466,2.223,495294,1.4139999999897555,1101039.9759999998,0.10103997599999981,0.011834304148657049,-89703.97599999979,-0.08970397599999981,-0.011782304148657049
2025-02-27,14586.0,-3050.0,0.0,11536.0,14586.0,-3050.0,200.0,11536.0,0.0,1011536.0,0.0002,0.011536,0.0,1.7255554703715614,2.212,495294,1.4139999999897555,1095591.742,0.09559174200000009,-0.004948261751396843,-84055.74200000009,-0.08405574200000009,0.005148261751396843
2025-02-28,14586.0,-9050.0,0.0,5536.0,14586.0,-9050.0,-6000.0,5536.0,-6000.0,1005536.0,-0.006,0.005536,-0.006,0.7711551429123604,2.128,495294,1.4139999999897555,1053987.046,0.05398704600000004,-0.037974634533161744,-48451.04600000009,-0.04845104600000004,0.031974634533161746
2025-03-03,14586.0,-5499.999999999999,0.0,9086.0,14586.0,-5499.999999999999,3550.0,9086.0,-2450.0,1009086.0,0.00355,0.009086,-0.00245,1.2294659521764433,2.154,495294,1.4139999999897555,1066864.69,0.06686468999999984,0.012218028721388885,-57778.689999999944,-0.05777868999999984,-0.008668028721388884
2025-03-04,14586.0,-5000.0,0.0,9586.0,14586.0,-5000.0,500.0,9586.0,-1950.0,1009586.0,0.0005,0.009586,-0.00195,1.2798334853751239,2.149,495294,1.4139999999897555,1064388.2200000002,0.06438822000000011,-0.002321259690392208,-54802.220000000205,-0.05480222000000011,0.002821259690392208
2025-03-05,14586.0,-4850.0,0.0,9736.0,14586.0,-4850.0,150.0,9736.0,-1800.0,1009736.0,0.00015,0.009736,-0.0018,1.2830694273608165,2.149,495294,1.4139999999897555,1064388.2200000002,0.06438822000000011,0.0,-54652.220000000205,-0.054652220000000105,0.00015
2025-03-06,14586.0,-2200.0,0.0,12386.0,14586.0,-2200.0,2650.0,12386.0,0.0,1012386.0,0.00265,0.012386,0.0,1.5997373527646124,2.191,495294,1.4139999999897555,1085190.568,0.08519056800000002,0.019543947977928244,-72804.56799999997,-0.07280456800000003,-0.016893947977928245
2025-03-07,14586.0,-2100.0,0.0,12486.0,14586.0,-2100.0,100.0,12486.0,0.0,1012486.0,0.0001,0.012486,0.0,1.592774717701469,2.16,495294,1.4139999999897555,1069836.454,0.06983645399999983,-0.01414877207078713,-57350.45399999991,-0.05735045399999983,0.01424877207078713
2025-03-10,14586.0,-1800.0,0.0,12786.0,14586.0,-1800.0,300.0,12786.0,0.0,1012786.0,0.0003,0.012786,0.0,1.6115099620401732,2.159,495294,1.4139999999897555,1069341.1599999997,0.06934115999999979,-0.00046296235106624284,-56555.15999999968,-0.05655515999999979,0.0007629623510662428
2025-03-11,14586.0,-1750.0000000000002,0.0,12836.0,14586.0,-1750.0000000000002,50.0,12836.0,0.0,1012836.0,5e-05,0.012836,0.0,1.5987555779073255,2.159,495294,1.4139999999897555,1069341.1599999997,0.06934115999999979,0.0,-56505.15999999968,-0.05650515999999979,5e-05
2025-03-12,14586.0,-1550.0,0.0,13036.0,14586.0,-1550.0,200.0,13036.0,0.0,1013036.0,0.0002,0.013036,0.0,1.6050891320111966,2.149,495294,1.4139999999897555,1064388.2200000002,0.06438822000000011,-0.004631767844791024,-51352.220000000205,-0.05135222000000011,0.004831767844791023
2025-03-13,14586.0,-2300.0,0.0,12286.0,14586.0,-2300.0,-750.0,12286.0,-750.0,1012286.0,-0.00075,0.012286,-0.00075,1.4937262824571973,2.125,495294,1.4139999999897555,1052501.1639999999,0.052501163999999934,-0.011167970273102346,-40215.16399999987,-0.040215163999999935,0.010417970273102345
2025-03-14,14586.0,-500.0,0.0,14086.0,14586.0,-500.0,1800.0,14086.0,0.0,1014086.0,0.0018,0.014086,0.0,1.6887760448614004,2.186,495294,1.4139999999897555,1082714.0979999998,0.08271409799999985,0.028705843787551366,-68628.09799999977,-0.06862809799999985,-0.026905843787551367
2025-03-17,14586.0,-250.0,0.0,14336.0,14586.0,-250.0,250.0,14336.0,0.0,1014336.0,0.00025,0.014336,0.0,1.7003588757976011,2.173,495294,1.4139999999897555,1076275.276,0.07627527600000006,-0.005946927274608882,-61939.27600000007,-0.06193927600000006,0.006196927274608882
2025-03-18,14586.0,-150.0,0.0,14436.0,14586.0,-150.0,100.0,14436.0,0.0,1014436.0,0.0001,0.014436,0.0,1.6941986681133496,2.185,495294,1.4139999999897555,1082218.804,0.08221880400000003,0.005522312118967587,-67782.804,-0.06778280400000003,-0.005422312118967587
2025-03-19,14586.0,-200.0,0.0,14386.0,14586.0,-200.0,-50.0,14386.0,-50.0,1014386.0,-5e-05,0.014386,-5e-05,1.670749936770404,2.178,495294,1.4139999999897555,1078751.7459999998,0.07875174599999979,-0.0032036571414075787,-64365.74599999981,-0.0643657459999998,0.0031536571414075786
2025-03-20,14586.0,-150.0,0.0,14436.0,14586.0,-150.0,50.0,14436.0,0.0,1014436.0,5e-05,0.014436,0.0,1.6595800086815746,2.158,495294,1.4139999999897555,1068845.866,0.06884586599999998,-0.00918272441896928,-54409.86599999992,-0.05440986599999998,0.009232724418969279
2025-03-21,14586.0,-250.0,0.0,14336.0,14586.0,-250.0,-100.0,14336.0,-100.0,1014336.0,-0.0001,0.014336,-0.0001,1.631529351397153,2.112,495294,1.4139999999897555,1046062.3420000001,0.046062342000000145,-0.021316005164770724,-31726.342000000062,-0.03172634200000014,0.021216005164770724
2025-03-24,14586.0,-100.0,0.0,14486.0,14586.0,-100.0,150.0,14486.0,0.0,1014486.0,0.00015,0.014486,0.0,1.632635373129912,2.112,495294,1.4139999999897555,1046062.3420000001,0.046062342000000145,0.0,-31576.342000000062,-0.031576342000000146,0.00015
2025-03-25,14586.0,-50.0,0.0,14536.0,14586.0,-50.0,50.0,14536.0,0.0,1014536.0,5e-05,0.014536,0.0,1.6226326030872575,2.105,495294,1.4139999999897555,1042595.284,0.0425952839999999,-0.003314389459208811,-28059.283999999985,-0.0280592839999999,0.003364389459208811
2025-03-26,14586.0,0.0,0.0,14586.0,14586.0,0.0,50.0,14586.0,0.0,1014586.0,5e-05,0.014586,0.0,1.6129631946096366,2.098,495294,1.4139999999897555,1039128.2259999999,0.03912822599999988,-0.003325411166927972,-24542.225999999908,-0.024542225999999875,0.003375411166927972
2025-03-27,16198.0,-883.9999999999999,0.0,15314.0,16198.0,-883.9999999999999,728.0,15314.0,0.0,1015314.0,0.000728,0.015314,0.0,1.6775494304674212,2.103,495294,1.4139999999897555,1041604.6960000001,0.04160469600000005,0.002383218873317494,-26290.696000000113,-0.02629069600000005,-0.0016552188733174942
2025-03-28,16198.0,-988.0,0.0,15210.0,16198.0,-988.0,-104.0,15210.0,-104.0,1015210.0,-0.000104,0.01521,-0.000104,1.6509029788971203,2.089,495294,1.4139999999897555,1034670.58,0.034670580000000006,-0.006657147405948471,-19460.579999999958,-0.019460580000000005,0.0065531474059484715
2025-03-31,16198.0,-2132.0000000000005,0.0,14066.0,16198.0,-2132.0000000000005,-1144.0,14066.0,-1248.0,1014066.0,-0.001144,0.014066,-0.001248,1.509395898439694,2.064,495294,1.4139999999897555,1022288.23,0.02228823000000002,-0.011967432185034155,-8222.229999999981,-0.00822223000000002,0.010823432185034156
2025-04-01,16198.0,-1820.0,0.0,14378.0,16198.0,-1820.0,312.0,14378.0,-936.0,1014378.0,0.000312,0.014378,-0.000936,1.5295092151375953,2.062,495294,1.4139999999897555,1021297.6419999999,0.02129764199999995,-0.0009689909077795766,-6919.641999999876,-0.00691964199999995,0.0012809909077795766
2025-04-02,16198.0,-1560.0,0.0,14638.0,16198.0,-1560.0,260.0,14638.0,-676.0,1014638.0,0.00026,0.014638,-0.000676,1.5439145887740136,2.064,495294,1.4139999999897555,1022288.23,0.02228823000000002,0.0009699307618691311,-7650.229999999981,-0.00765023000000002,-0.000709930761869131
2025-04-03,16198.0,-2600.0,0.0,13598.0,16198.0,-2600.0,-1040.0,13598.0,-1716.0,1013598.0,-0.00104,0.013598,-0.001716,1.4192082865195244,2.027,495294,1.4139999999897555,1003962.3520000001,0.003962352000000058,-0.01792633179392067,9635.647999999928,0.009635647999999943,0.01688633179392067
2025-04-07,16198.0,-109200.0,0.0,-93002.0,16198.0,-109200.0,-106600.0,-93002.0,-108316.0,906998.0,-0.1066,-0.093002,-0.108316,-1.6035511072071775,1.775,495294,1.4139999999897555,879148.264,-0.12085173599999999,-0.12432148252507391,27849.736000000034,0.027849735999999986,0.01772148252507391
2025-04-08,16198.0,-70512.0,0.0,-54314.0,16198.0,-70512.0,38688.0,-54314.0,-69628.0,945686.0,0.038688,-0.054314,-0.069628,-0.7722750560869425,1.804,495294,1.4139999999897555,893511.79,-0.10648820999999997,0.016338001891339715,52174.20999999996,0.05217420999999997,0.022349998108660285
2025-04-09,16198.0,-58136.0,0.0,-41938.0,16198.0,-58136.0,12376.0,-41938.0,-57252.0,958062.0,0.012376,-0.041938,-0.057252,-0.5864254505704812,1.823,495294,1.4139999999897555,902922.3759999999,-0.09707762400000008,0.010532134108717228,55139.62400000007,0.05513962400000008,0.0018438658912827716
2025-04-10,16198.0,-39572.0,0.0,-23374.0,16198.0,-39572.0,18564.0,-23374.0,-38688.0,976626.0,0.018564,-0.023374,-0.038688,-0.3584720184414772,1.863,495294,1.4139999999897555,922734.1359999999,-0.07726586400000002,0.02194181972515441,53891.86400000006,0.05389186400000002,-0.0033778197251544094
2025-04-11,16198.0,-25844.0,0.0,-9646.0,16198.0,-25844.0,13728.0,-9646.0,-24960.0,990354.0,0.013728,-0.009646,-0.02496,-0.08026721417338208,1.892,495294,1.4139999999897555,937097.6619999999,-0.06290233800000011,0.015566267074788254,53256.338000000105,0.05325633800000011,-0.001838267074788253
2025-04-14,16198.0,-20332.000000000004,0.0,-4134.000000000004,16198.0,-20332.000000000004,5511.999999999996,-4134.000000000004,-19448.000000000004,995866.0,0.005511999999999996,-0.004134000000000004,-0.019448000000000003,0.004076915764842946,1.895,495294,1.4139999999897555,938583.544,-0.06141645600000001,0.001585621286076977,57282.456000000006,0.057282456,0.003926378713923019
2025-04-15,16198.0,-18460.0,0.0,-2262.0,16198.0,-18460.0,1872.0000000000036,-2262.0,-17576.0,997738.0,0.0018720000000000037,-0.002262,-0.017576,0.10831963241490196,1.893,495294,1.4139999999897555,937592.956,-0.06240704399999997,-0.0010554073809757591,60145.043999999994,0.06014504399999997,0.002927407380975763
2025-04-16,16198.0,-25376.000000000004,0.0,-9178.000000000004,16198.0,-25376.000000000004,-6916.000000000004,-9178.000000000004,-24492.000000000004,990822.0,-0.006916000000000004,-0.009178000000000004,-0.024492000000000003,-0.034839129991385845,1.87,495294,1.4139999999897555,926201.194,-0.073798806,-0.012150008089437891,64620.80599999998,0.06462080599999999,0.005234008089437888
2025-04-17,16198.0,-22256.0,0.0,-6058.0,16198.0,-22256.0,3120.0000000000036,-6058.0,-21372.0,993942.0,0.003120000000000004,-0.006058,-0.021372,-0.1474899282891977,1.873,495294,1.4139999999897555,927687.076,-0.072312924,0.001604275625669338,66254.924,0.066254924,0.0015157243743306658
2025-04-18,16198.0,-18928.0,0.0,-2730.0,16198.0,-18928.0,3328.0,-2730.0,-18044.0,997270.0,0.003328,-0.00273,-0.018044,-0.06940680749716055,1.878,495294,1.4139999999897555,930163.546,-0.06983645400000005,0.002669510079495785,67106.45400000003,0.06710645400000005,0.0006584899205042149
2025-04-21,16198.0,-6136.0,0.0,10062.0,16198.0,-6136.0,12792.0,10062.0,-5252.0,1010062.0,0.012792,0.010062,-0.005252,0.13755440962245363,1.908,495294,1.4139999999897555,945022.3659999999,-0.05497763400000011,0.01597441661081822,65039.63400000008,0.06503963400000011,-0.003182416610818221
2025-04-22,16198.0,-6240.0,0.0,9958.0,16198.0,-6240.0,-104.0,9958.0,-5356.0,1009958.0,-0.000104,0.009958,-0.005356,0.11591062955420214,1.899,495294,1.4139999999897555,940564.72,-0.05943527999999998,-0.004716974074241098,69393.28000000003,0.06939327999999997,0.004612974074241098
2025-04-23,16198.0,0.0,0.0,16198.0,16198.0,0.0,6240.0,16198.0,0.0,1016198.0,0.00624,0.016198,0.0,0.20494614670019387,1.919,495294,1.4139999999897555,950470.6,-0.04952940000000006,0.010531843039998323,65727.40000000002,0.06572740000000006,-0.004291843039998323
2025-04-24,19620.0,-4176.0,0.0,15444.0,19620.0,-4176.0,-754.0,15444.0,-754.0,1015444.0,-0.000754,0.015444,-0.000754,0.1891750481706253,1.907,495294,1.4139999999897555,944527.072,-0.05547292799999992,-0.006253247601766931,70916.92799999996,0.07091692799999992,0.005499247601766931
2025-04-25,19620.0,-3480.0000000000005,0.0,16140.0,19620.0,-3480.0000000000005,696.0,16140.0,-58.0,1016140.0,0.000696,0.01614,-5.8e-05,0.20032980488134325,1.92,495294,1.4139999999897555,950965.894,-0.04903410600000002,0.006816979831362646,65174.10600000003,0.06517410600000002,-0.006120979831362646
2025-04-28,19620.0,-3654.0,0.0,15966.0,19620.0,-3654.0,-174.0,15966.0,-232.0,1015966.0,-0.000174,0.015966,-0.000232,0.259605648621033,1.906,495294,1.4139999999897555,944031.7779999999,-0.05596822200000007,-0.007291655824619991,71934.22200000007,0.07193422200000008,0.007117655824619992
2025-04-29,19620.0,-3770.0,0.0,15850.0,19620.0,-3770.0,-116.0,15850.0,-348.0,1015850.0,-0.000116,0.01585,-0.000348,0.18649373023855312,1.903,495294,1.4139999999897555,942545.896,-0.05745410400000006,-0.0015739745574538944,73304.10400000005,0.07330410400000006,0.0014579745574538944
2025-04-30,19620.0,-4060.0000000000005,0.0,15560.0,19620.0,-4060.0000000000005,-290.0,15560.0,-638.0,1015560.0,-0.00029,0.01556,-0.000638,0.2537779021928385,1.921,495294,1.4139999999897555,951461.188,-0.04853881199999999,0.009458735153200504,64098.812000000034,0.06409881199999999,-0.009748735153200504
2025-05-06,19620.0,-812.0,0.0,18808.0,19620.0,-812.0,3248.0,18808.0,0.0,1018808.0,0.003248,0.018808,0.0,0.2442996864683781,1.958,495294,1.4139999999897555,969787.066,-0.030212934000000025,0.019260773041642976,49020.93400000001,0.04902093400000002,-0.016012773041642975
2025-05-07,19620.0,-870.0000000000001,0.0,18750.0,19620.0,-870.0000000000001,-58.0,18750.0,-58.0,1018750.0,-5.8e-05,0.01875,-5.8e-05,0.168487675255909,1.967,495294,1.4139999999897555,974244.712,-0.025755287999999932,0.004596520366461521,44505.28799999994,0.044505287999999935,-0.0046545203664615205
2025-05-08,19620.0,-580.0,0.0,19040.0,19620.0,-580.0,290.0,19040.0,0.0,1019040.0,0.00029,0.01904,0.0,0.1563697963260341,2.001,495294,1.4139999999897555,991084.708,-0.008915291999999964,0.017285180809890832,27955.292000000016,0.027955291999999965,-0.016995180809890834
2025-05-09,19620.0,-464.00000000000006,0.0,19156.0,19620.0,-464.00000000000006,116.0,19156.0,0.0,1019156.0,0.000116,0.019156,0.0,0.15477207261017442,1.984,495294,1.4139999999897555,982664.71,-0.017335290000000003,-0.00849574000288178,36491.29000000004,0.03649129,0.00861174000288178
2025-05-12,19620.0,-406.0,0.0,19214.0,19620.0,-406.0,58.0,19214.0,0.0,1019214.0,5.8e-05,0.019214,0.0,0.156682591385592,2.037,495294,1.4139999999897555,1008915.2919999999,0.008915291999999964,0.02671367123787305,10298.7080000001,0.010298708000000035,-0.02665567123787305
2025-05-13,19620.0,-348.0,0.0,19272.0,19620.0,-348.0,58.0,19272.0,0.0,1019272.0,5.8e-05,0.019272,0.0,0.14865986724387514,2.03,495294,1.4139999999897555,1005448.2339999999,0.005448233999999941,-0.0034364213006694566,13823.766000000061,0.01382376600000006,0.0034944213006694565
2025-05-14,19620.0,-290.0,0.0,19330.0,19620.0,-290.0,58.0,19330.0,0.0,1019330.0,5.8e-05,0.01933,0.0,0.14786096419291406,2.054,495294,1.4139999999897555,1017335.2899999999,0.017335289999999892,0.011822643471866678,1994.7100000000792,0.001994710000000108,-0.011764643471866678
2025-05-15,19620.0,-290.0,0.0,19330.0,19620.0,-290.0,0.0,19330.0,0.0,1019330.0,0.0,0.01933,0.0,0.1460547195225095,2.012,495294,1.4139999999897555,996532.942,-0.003467057999999912,-0.02044787810319637,22797.05799999996,0.022797057999999912,0.02044787810319637
2025-05-16,19620.0,-290.0,0.0,19330.0,19620.0,-290.0,0.0,19330.0,0.0,1019330.0,0.0,0.01933,0.0,0.1442484791215284,2.008,495294,1.4139999999897555,994551.766,-0.005448234000000052,-0.0019880687496631744,24778.234000000055,0.02477823400000005,0.0019880687496631744
2025-05-19,19620.0,-174.0,0.0,19446.0,19620.0,-174.0,116.0,19446.0,0.0,1019446.0,0.000116,0.019446,0.0,0.14626312483959053,2.002,495294,1.4139999999897555,991580.0019999999,-0.00841999800000015,-0.0029880435605199596,27865.998000000138,0.027865998000000152,0.0031040435605199593
2025-05-20,19620.0,-116.00000000000001,0.0,19504.0,19620.0,-116.00000000000001,58.0,19504.0,0.0,1019504.0,5.8e-05,0.019504,0.0,0.14636733098021806,2.018,495294,1.4139999999897555,999504.7059999999,-0.000495294000000146,0.007991996595348771,19999.29400000011,0.019999294000000147,-0.00793399659534877
2025-05-21,19620.0,-58.00000000000001,0.0,19562.0,19620.0,-58.00000000000001,58.0,19562.0,0.0,1019562.0,5.8e-05,0.019562,0.0,0.1446653520309401,2.034,495294,1.4139999999897555,1007429.4099999999,0.007429409999999859,0.007928631003364162,12132.590000000084,0.012132590000000141,-0.00787063100336416
2025-05-22,19620.0,-116.00000000000001,0.0,19504.0,19620.0,-116.00000000000001,-58.0,19504.0,-58.0,1019504.0,-5.8e-05,0.019504,-5.8e-05,0.14275484634119814,2.016,495294,1.4139999999897555,998514.118,-0.001485881999999994,-0.008849545101130118,20989.881999999983,0.020989881999999994,0.008791545101130118
2025-05-23,19620.0,-58.00000000000001,0.0,19562.0,19620.0,-58.00000000000001,58.0,19562.0,0.0,1019562.0,5.8e-05,0.019562,0.0,0.14376218393640772,1.994,495294,1.4139999999897555,987617.65,-0.012382349999999986,-0.010912682959180797,31944.349999999977,0.03194434999999998,0.010970682959180798
2025-05-26,19620.0,-58.00000000000001,0.0,19562.0,19620.0,-58.00000000000001,0.0,19562.0,0.0,1019562.0,0.0,0.019562,0.0,0.14376218393640772,1.977,495294,1.4139999999897555,979197.652,-0.020802348000000026,-0.008525564523882312,40364.348,0.04036434800000002,0.008525564523882312
2025-05-27,19620.0,-58.00000000000001,0.0,19562.0,19620.0,-58.00000000000001,0.0,19562.0,0.0,1019562.0,0.0,0.019562,0.0,0.14285905200937277,1.967,495294,1.4139999999897555,974244.712,-0.025755287999999932,-0.005058161638647363,45317.28799999994,0.04531728799999993,0.005058161638647363
2025-05-28,19620.0,0.0,0.0,19620.0,19620.0,0.0,58.0,19620.0,0.0,1019620.0,5.8e-05,0.01962,0.0,0.1403929607331133,1.959,495294,1.4139999999897555,970282.36,-0.02971763999999999,-0.0040671013670332545,49337.640000000014,0.04933763999999999,0.004125101367033254
2025-05-29,21729.0,-1938.0,0.0,19791.0,21729.0,-1938.0,171.0,19791.0,0.0,1019791.0,0.000171,0.019791,0.0,0.2479041560016999,1.989,495294,1.4139999999897555,985141.18,-0.01485881999999994,0.015313913364353171,34649.81999999995,0.03464981999999994,-0.015142913364353172
2025-05-30,21729.0,-2223.0,0.0,19506.0,21729.0,-2223.0,-285.0,19506.0,-285.0,1019506.0,-0.000285,0.019506,-0.000285,0.1812823405397249,1.972,495294,1.4139999999897555,976721.182,-0.02327881799999998,-0.008546996279254149,42784.81799999997,0.042784817999999974,0.008261996279254148
2025-06-03,21729.0,-1140.0,0.0,20589.0,21729.0,-1140.0,1083.0,20589.0,0.0,1020589.0,0.001083,0.020589,0.0,0.19142017519937526,1.977,495294,1.4139999999897555,979197.652,-0.020802348000000026,0.0025354932867627245,41391.348,0.04139134800000002,-0.0014524932867627245
2025-06-04,21729.0,-855.0000000000001,0.0,20874.0,21729.0,-855.0000000000001,285.0,20874.0,0.0,1020874.0,0.000285,0.020874,0.0,0.19376872008418067,2.0,495294,1.4139999999897555,990589.414,-0.009410585999999999,0.011633771768889023,30284.58600000001,0.030284586,-0.011348771768889022
2025-06-05,21729.0,-683.9999999999999,0.0,21045.0,21729.0,-683.9999999999999,171.0,21045.0,0.0,1021045.0,0.000171,0.021045,0.0,0.15067487827422846,2.023,495294,1.4139999999897555,1001981.1760000001,0.00198117600000014,0.011499983584520868,19063.823999999906,0.01906382399999986,-0.011328983584520868
2025-06-06,21729.0,-683.9999999999999,0.0,21045.0,21729.0,-683.9999999999999,0.0,21045.0,0.0,1021045.0,0.0,0.021045,0.0,0.14893468229581713,2.017,495294,1.4139999999897555,999009.4119999999,-0.00099058800000007,-0.0029658880537694055,22035.588000000105,0.02203558800000007,0.0029658880537694055
2025-06-09,21729.0,-456.0,0.0,21273.0,21729.0,-456.0,228.0,21273.0,0.0,1021273.0,0.000228,0.021273,0.0,0.14768190779011686,2.034,495294,1.4139999999897555,1007429.4099999999,0.007429409999999859,0.008428347019417304,13843.590000000084,0.013843590000000142,-0.008200347019417303
2025-06-10,21729.0,-741.0,0.0,20988.0,21729.0,-741.0,-285.0,20988.0,-285.0,1020988.0,-0.000285,0.020988,-0.000285,0.14185171018499873,2.012,495294,1.4139999999897555,996532.942,-0.003467057999999912,-0.010816110679158997,24455.05799999996,0.02445505799999991,0.010531110679158996
2025-06-11,21729.0,-456.0,0.0,21273.0,21729.0,-456.0,285.0,21273.0,0.0,1021273.0,0.000285,0.021273,0.0,0.14333068920138767,2.038,495294,1.4139999999897555,1009410.5859999999,0.009410585999999999,0.012922446872809745,11862.414000000106,0.011862414000000002,-0.012637446872809745
2025-06-12,21729.0,-341.99999999999994,0.0,21387.0,21729.0,-341.99999999999994,114.0,21387.0,0.0,1021387.0,0.000114,0.021387,0.0,0.15836957407429073,2.04,495294,1.4139999999897555,1010401.174,0.010401174000000069,0.0009813528941928773,10985.826000000001,0.010985825999999931,-0.0008673528941928773
2025-06-13,21729.0,-513.0,0.0,21216.0,21729.0,-513.0,-171.0,21216.0,-171.0,1021216.0,-0.000171,0.021216,-0.000171,0.12408351492369722,2.02,495294,1.4139999999897555,1000495.294,0.000495294000000035,-0.009803907848586868,20720.706000000006,0.020720705999999964,0.009632907848586869
2025-06-16,21729.0,-285.0,0.0,21444.0,21729.0,-285.0,228.0,21444.0,0.0,1021444.0,0.000228,0.021444,0.0,0.12370067215610694,2.037,495294,1.4139999999897555,1008915.2919999999,0.008915291999999964,0.008415829690049392,12528.7080000001,0.012528708000000038,-0.008187829690049392
2025-06-17,21729.0,-170.99999999999997,0.0,21558.0,21729.0,-170.99999999999997,114.0,21558.0,0.0,1021558.0,0.000114,0.021558,0.0,0.12394431589731678,2.028,495294,1.4139999999897555,1004457.646,0.004457645999999871,-0.004418255958003603,17100.35400000005,0.01710035400000013,0.004532255958003603
2025-06-18,21729.0,-170.99999999999997,0.0,21558.0,21729.0,-170.99999999999997,0.0,21558.0,0.0,1021558.0,0.0,0.021558,0.0,0.12481453180556903,2.034,495294,1.4139999999897555,1007429.4099999999,0.007429409999999859,0.002958575716790257,14128.590000000084,0.014128590000000142,-0.002958575716790257
2025-06-19,21729.0,-170.99999999999997,0.0,21558.0,21729.0,-170.99999999999997,0.0,21558.0,0.0,1021558.0,0.0,0.021558,0.0,0.12394433824161613,2.005,495294,1.4139999999897555,993065.884,-0.006934116000000046,-0.014257600440709783,28492.11600000004,0.028492116000000046,0.014257600440709783
2025-06-20,21729.0,-114.0,0.0,21615.0,21729.0,-114.0,57.0,21615.0,0.0,1021615.0,5.7e-05,0.021615,0.0,0.12667681598402075,1.988,495294,1.4139999999897555,984645.8859999999,-0.015354114000000085,-0.008478790919777546,36969.11400000006,0.03696911400000008,0.008535790919777545
2025-06-23,21729.0,-57.0,0.0,21672.0,21729.0,-57.0,57.0,21672.0,0.0,1021672.0,5.7e-05,0.021672,0.0,0.1250583178494086,1.998,495294,1.4139999999897555,989598.826,-0.010401173999999958,0.005030173862931253,32073.174,0.032073173999999954,-0.004973173862931253
2025-06-24,21729.0,-57.0,0.0,21672.0,21729.0,-57.0,0.0,21672.0,0.0,1021672.0,0.0,0.021672,0.0,0.12418812309883163,2.044,495294,1.4139999999897555,1012382.35,0.012382349999999986,0.023022990126303933,9289.650000000023,0.009289650000000014,-0.023022990126303933
2025-06-25,21729.0,0.0,0.0,21729.0,21729.0,0.0,57.0,21729.0,0.0,1021729.0,5.7e-05,0.021729,0.0,0.12430994851744555,2.109,495294,1.4139999999897555,1044576.46,0.04457646000000004,0.03180034697365075,-22847.459999999963,-0.02284746000000004,-0.03174334697365075
2025-06-26,24277.0,-2132.0000000000005,0.0,22145.0,24277.0,-2132.0000000000005,416.0,22145.0,0.0,1022145.0,0.000416,0.022145,0.0,0.11888141701208331,2.093,495294,1.4139999999897555,1036651.7559999999,0.036651755999999924,-0.007586523632745923,-14506.755999999936,-0.014506755999999923,0.008002523632745923
2025-06-27,24277.0,-1508.0,0.0,22769.0,24277.0,-1508.0,624.0,22769.0,0.0,1022769.0,0.000624,0.022769,0.0,0.13154999600588096,2.101,495294,1.4139999999897555,1040614.108,0.04061410799999998,0.0038222594782351127,-17845.108000000007,-0.01784510799999998,-0.0031982594782351127
2025-06-30,24277.0,-988.0,0.0,23289.0,24277.0,-988.0,520.0,23289.0,0.0,1023289.0,0.00052,0.023289,0.0,0.16051744961179112,2.133,495294,1.4139999999897555,1056463.5159999998,0.05646351599999977,0.01523082176010604,-33174.51599999983,-0.033174515999999765,-0.01471082176010604
2025-07-01,24277.0,-1092.0,0.0,23185.0,24277.0,-1092.0,-104.0,23185.0,-104.0,1023185.0,-0.000104,0.023185,-0.000104,0.1532771567987366,2.126,495294,1.4139999999897555,1052996.458,0.05299645800000019,-0.0032817583830313524,-29811.4580000001,-0.02981145800000019,0.0031777583830313524
2025-07-02,24277.0,-1092.0,0.0,23185.0,24277.0,-1092.0,0.0,23185.0,-104.0,1023185.0,0.0,0.023185,-0.000104,0.1487520722269511,2.104,495294,1.4139999999897555,1042099.99,0.04209999000000009,-0.010348057600019112,-18914.98999999999,-0.018914990000000086,0.010348057600019112
2025-07-03,24277.0,-832.0000000000001,0.0,23445.0,24277.0,-832.0000000000001,260.0,23445.0,0.0,1023445.0,0.00026,0.023445,0.0,0.17138601486265453,2.141,495294,1.4139999999897555,1060425.8679999998,0.06042586799999983,0.01758552746939368,-36980.867999999784,-0.03698086799999983,-0.01732552746939368
2025-07-04,24277.0,-883.9999999999999,0.0,23393.0,24277.0,-883.9999999999999,-52.0,23393.0,-52.0,1023393.0,-5.2e-05,0.023393,-5.2e-05,4.999118827127931,2.133,495294,1.4139999999897555,1056463.5159999998,0.05646351599999977,-0.0037365667130254687,-33070.51599999983,-0.03307051599999977,0.0036845667130254688
2025-07-07,24277.0,-883.9999999999999,0.0,23393.0,24277.0,-883.9999999999999,0.0,23393.0,-52.0,1023393.0,0.0,0.023393,-5.2e-05,5.293048170261272,2.11,495294,1.4139999999897555,1045071.754,0.04507175399999985,-0.010782920401389284,-21678.753999999957,-0.021678753999999852,0.010782920401389284
2025-07-08,24277.0,-520.0,0.0,23757.0,24277.0,-520.0,364.0,23757.0,0.0,1023757.0,0.000364,0.023757,0.0,4.817903957486029,2.159,495294,1.4139999999897555,1069341.1599999997,0.06934115999999979,0.023222717394388415,-45584.15999999968,-0.04558415999999979,-0.022858717394388415
2025-07-09,24277.0,-572.0,0.0,23705.0,24277.0,-572.0,-52.0,23705.0,-52.0,1023705.0,-5.2e-05,0.023705,-5.2e-05,4.4444174895323565,2.163,495294,1.4139999999897555,1071322.3360000001,0.07132233600000015,0.0018527071379170756,-47617.33600000013,-0.04761733600000015,-0.0019047071379170756
2025-07-10,24277.0,-416.00000000000006,0.0,23861.0,24277.0,-416.00000000000006,156.0,23861.0,0.0,1023861.0,0.000156,0.023861,0.0,3.957553466005315,2.169,495294,1.4139999999897555,1074294.1,0.07429410000000014,0.0027739214428177394,-50433.10000000009,-0.05043310000000014,-0.0026179214428177396
2025-07-11,24277.0,-416.00000000000006,0.0,23861.0,24277.0,-416.00000000000006,0.0,23861.0,0.0,1023861.0,0.0,0.023861,0.0,3.451320648516109,2.185,495294,1.4139999999897555,1082218.804,0.08221880400000003,0.00737666156781458,-58357.804000000004,-0.058357804000000034,-0.00737666156781458
2025-07-14,24277.0,-260.0,0.0,24017.0,24277.0,-260.0,156.0,24017.0,0.0,1024017.0,0.000156,0.024017,0.0,3.251126479878915,2.177,495294,1.4139999999897555,1078256.452,0.07825645199999998,-0.003661322447322757,-54239.45200000005,-0.05423945199999998,0.0038173224473227567
2025-07-15,24277.0,-208.00000000000003,0.0,24069.0,24277.0,-208.00000000000003,52.0,24069.0,0.0,1024069.0,5.2e-05,0.024069,0.0,4.597200691109656,2.212,495294,1.4139999999897555,1095591.742,0.09559174200000009,0.016077149334785545,-71522.74200000009,-0.07152274200000008,-0.016025149334785545
2025-07-16,24277.0,-156.0,0.0,24121.0,24277.0,-156.0,52.0,24121.0,0.0,1024121.0,5.2e-05,0.024121,0.0,4.236005635699639,2.206,495294,1.4139999999897555,1092619.9780000001,0.0926199780000001,-0.0027124738952257754,-68498.97800000012,-0.0684989780000001,0.0027644738952257754
2025-07-17,24277.0,-104.00000000000001,0.0,24173.0,24277.0,-104.00000000000001,52.0,24173.0,0.0,1024173.0,5.2e-05,0.024173,0.0,3.848679757411319,2.247,495294,1.4139999999897555,1112927.0320000001,0.1129270320000002,0.018585651378232537,-88754.03200000012,-0.0887540320000002,-0.018533651378232537
2025-07-18,24277.0,-52.00000000000001,0.0,24225.0,24277.0,-52.00000000000001,52.0,24225.0,0.0,1024225.0,5.2e-05,0.024225,0.0,4.092134647138381,2.252,495294,1.4139999999897555,1115403.5019999999,0.11540350199999994,0.0022251863139215455,-91178.50199999986,-0.09117850199999994,-0.0021731863139215456
2025-07-21,24277.0,-52.00000000000001,0.0,24225.0,24277.0,-52.00000000000001,0.0,24225.0,0.0,1024225.0,0.0,0.024225,0.0,4.124647631104685,2.275,495294,1.4139999999897555,1126795.264,0.12679526400000007,0.010213130924884073,-102570.26399999997,-0.10257026400000008,-0.010213130924884073
2025-07-22,24277.0,-52.00000000000001,0.0,24225.0,24277.0,-52.00000000000001,0.0,24225.0,0.0,1024225.0,0.0,0.024225,0.0,4.455592947265409,2.289,495294,1.4139999999897555,1133729.38,0.1337293799999999,0.00615383843146855,-109504.37999999989,-0.1095043799999999,-0.00615383843146855
2025-07-23,24277.0,0.0,0.0,24277.0,24277.0,0.0,52.0,24277.0,0.0,1024277.0,5.2e-05,0.024277,0.0,5.05199890587375,2.287,495294,1.4139999999897555,1132738.792,0.13273879199999983,-0.0008737429032666943,-108461.7919999999,-0.10846179199999983,0.0009257429032666943
2025-07-24,28601.0,-3290.0,0.0,25311.0,28601.0,-3290.0,1034.0,25311.0,0.0,1025311.0,0.001034,0.025311,0.0,5.149292559022901,2.325,495294,1.4139999999897555,1151559.9640000002,0.15155996400000005,0.016615632953444592,-126248.96400000015,-0.12624896400000005,-0.015581632953444592
2025-07-25,28601.0,-3290.0,0.0,25311.0,28601.0,-3290.0,0.0,25311.0,0.0,1025311.0,0.0,0.025311,0.0,5.263603845116876,2.318,495294,1.4139999999897555,1148092.906,0.14809290600000002,-0.0030107489912701846,-122781.90599999996,-0.12278190600000002,0.0030107489912701846
2025-07-28,28601.0,-2350.0,0.0,26251.0,28601.0,-2350.0,940.0,26251.0,0.0,1026251.0,0.00094,0.026251,0.0,5.746079432342096,2.342,495294,1.4139999999897555,1159979.9619999998,0.15997996199999975,0.010353740483786122,-133728.96199999982,-0.13372896199999976,-0.009413740483786123
2025-07-29,28601.0,-1550.9999999999998,0.0,27050.0,28601.0,-1550.9999999999998,799.0,27050.0,0.0,1027050.0,0.000799,0.02705,0.0,6.311803883646145,2.383,495294,1.4139999999897555,1180287.0159999998,0.18028701599999986,0.01750638344216493,-153237.01599999983,-0.15323701599999986,-0.01670738344216493
2025-07-30,28601.0,-2209.0,0.0,26392.0,28601.0,-2209.0,-658.0,26392.0,-658.0,1026392.0,-0.000658,0.026392,-0.000658,6.920910384781977,2.345,495294,1.4139999999897555,1161465.844,0.16146584400000008,-0.015946267090004018,-135073.84400000004,-0.13507384400000008,0.015288267090004018
2025-07-31,28601.0,-3525.0,0.0,25076.0,28601.0,-3525.0,-1316.0,25076.0,-1974.0,1025076.0,-0.001316,0.025076,-0.001974,4.87802567021137,2.301,495294,1.4139999999897555,1139672.9080000003,0.13967290800000032,-0.01876330338303067,-114596.90800000029,-0.11459690800000032,0.01744730338303067
2025-08-01,28601.0,-2679.0000000000005,0.0,25922.0,28601.0,-2679.0000000000005,846.0,25922.0,-1128.0,1025922.0,0.000846,0.025922,-0.001128,5.125231878410539,2.303,495294,1.4139999999897555,1140663.4959999998,0.14066349599999972,0.0008691862314582632,-114741.49599999981,-0.11474149599999972,-2.3186231458263273e-05
2025-08-04,28601.0,-1880.0,0.0,26721.0,28601.0,-1880.0,799.0,26721.0,-329.0,1026721.0,0.000799,0.026721,-0.000329,5.4700231440961575,2.313,495294,1.4139999999897555,1145616.4360000002,0.1456164360000003,0.0043421570142019306,-118895.43600000022,-0.1188954360000003,-0.0035431570142019303
2025-08-05,28601.0,-1550.9999999999998,0.0,27050.0,28601.0,-1550.9999999999998,329.0,27050.0,0.0,1027050.0,0.000329,0.02705,0.0,5.65356151302068,2.32,495294,1.4139999999897555,1149083.494,0.14908349399999987,0.0030263689408169814,-122033.49399999995,-0.12203349399999987,-0.0026973689408169815
2025-08-06,28601.0,-1222.0,0.0,27379.0,28601.0,-1222.0,329.0,27379.0,0.0,1027379.0,0.000329,0.027379,0.0,5.837207033906442,2.336,495294,1.4139999999897555,1157008.1979999999,0.15700819799999977,0.006896543237614239,-129629.19799999986,-0.12962919799999978,-0.0065675432376142385
2025-08-07,28601.0,-1550.9999999999998,0.0,27050.0,28601.0,-1550.9999999999998,-329.0,27050.0,-329.0,1027050.0,-0.000329,0.02705,-0.000329,5.48889055392566,2.32,495294,1.4139999999897555,1149083.494,0.14908349399999987,-0.0068493066978250194,-122033.49399999995,-0.12203349399999987,0.006520306697825019
2025-08-08,28601.0,-1362.9999999999998,0.0,27238.0,28601.0,-1362.9999999999998,188.0,27238.0,-141.0,1027238.0,0.000188,0.027238,-0.000141,5.627173348253417,2.312,495294,1.4139999999897555,1145121.142,0.14512114200000004,-0.0034482716188071194,-117883.14199999999,-0.11788314200000004,0.003636271618807119
2025-08-11,28601.0,-658.0,0.0,27943.0,28601.0,-658.0,705.0,27943.0,0.0,1027943.0,0.000705,0.027943,0.0,6.019906498496904,2.357,495294,1.4139999999897555,1167409.372,0.16740937200000006,0.0194636437862572,-139466.37199999997,-0.13946637200000006,-0.0187586437862572
2025-08-12,28601.0,-423.0,0.0,28178.0,28601.0,-423.0,235.0,28178.0,0.0,1028178.0,0.000235,0.028178,0.0,6.100466018229487,2.385,495294,1.4139999999897555,1181277.6039999998,0.18127760399999993,0.011879493460156931,-153099.60399999982,-0.15309960399999992,-0.01164449346015693
2025-08-13,28601.0,-423.0,0.0,28178.0,28601.0,-423.0,0.0,28178.0,0.0,1028178.0,0.0,0.028178,0.0,6.0552107014855805,2.473,495294,1.4139999999897555,1224863.4759999998,0.2248634759999999,0.03689723046675142,-196685.4759999998,-0.1966854759999999,-0.03689723046675142
2025-08-14,28601.0,-423.0,0.0,28178.0,28601.0,-423.0,0.0,28178.0,0.0,1028178.0,0.0,0.028178,0.0,6.010068744796452,2.446,495294,1.4139999999897555,1211490.5380000002,0.21149053800000028,-0.010917900861630137,-183312.53800000018,-0.18331253800000027,0.010917900861630137
2025-08-15,28601.0,-281.99999999999994,0.0,28319.0,28601.0,-281.99999999999994,141.0,28319.0,0.0,1028319.0,0.000141,0.028319,0.0,6.163642238753094,2.509,495294,1.4139999999897555,1242694.06,0.24269406000000004,0.025756306814836982,-214375.06000000006,-0.21437506000000003,-0.025615306814836983
2025-08-18,28601.0,-235.0,0.0,28366.0,28601.0,-235.0,47.0,28366.0,0.0,1028366.0,4.7e-05,0.028366,0.0,6.155207406072518,2.582,495294,1.4139999999897555,1278850.5219999999,0.27885052199999993,0.029095223968480077,-250484.52199999988,-0.25048452199999993,-0.02904822396848008
2025-08-19,28601.0,-188.0,0.0,28413.0,28601.0,-188.0,47.0,28413.0,0.0,1028413.0,4.7e-05,0.028413,0.0,6.192255541433555,2.575,495294,1.4139999999897555,1275383.4640000002,0.27538346400000013,-0.0027110736871558405,-246970.46400000015,-0.24697046400000014,0.0027580736871558407
2025-08-20,28601.0,-235.0,0.0,28366.0,28601.0,-235.0,-47.0,28366.0,-47.0,1028366.0,-4.7e-05,0.028366,-4.7e-05,6.15362562273003,2.588,495294,1.4139999999897555,1281822.2859999998,0.2818222859999999,0.00504853809206951,-253456.28599999985,-0.2534562859999999,-0.00509553809206951
2025-08-21,28601.0,-140.99999999999997,0.0,28460.0,28601.0,-140.99999999999997,94.0,28460.0,0.0,1028460.0,9.4e-05,0.02846,0.0,6.1806268240353965,2.572,495294,1.4139999999897555,1273897.582,0.27389758200000003,-0.006182373396494301,-245437.58199999994,-0.24543758200000004,0.006276373396494301
2025-08-22,28601.0,-94.0,0.0,28507.0,28601.0,-94.0,47.0,28507.0,0.0,1028507.0,4.7e-05,0.028507,0.0,6.090652401449171,2.662,495294,1.4139999999897555,1318474.042,0.31847404199999985,0.03499218510958757,-289967.0419999999,-0.28996704199999984,-0.03494518510958757
2025-08-25,28601.0,-188.0,0.0,28413.0,28601.0,-188.0,-94.0,28413.0,-94.0,1028413.0,-9.4e-05,0.028413,-9.4e-05,6.27113848405982,2.737,495294,1.4139999999897555,1355621.0920000002,0.35562109200000025,0.028174274818222322,-327208.0920000002,-0.32720809200000023,-0.028268274818222323
2025-08-26,28601.0,-47.0,0.0,28554.0,28601.0,-47.0,141.0,28554.0,0.0,1028554.0,0.000141,0.028554,0.0,5.927150274256991,2.716,495294,1.4139999999897555,1345219.918,0.34521991799999996,-0.007672626268048766,-316665.91800000006,-0.31666591799999994,0.007813626268048766
2025-08-27,28601.0,0.0,0.0,28601.0,28601.0,0.0,47.0,28601.0,0.0,1028601.0,4.7e-05,0.028601,0.0,5.756410571665319,2.696,495294,1.4139999999897555,1335314.0380000002,0.33531403800000015,-0.007363762510093852,-306713.0380000002,-0.30671303800000016,0.007410762510093852
2025-08-28,38401.0,-6719.999999999999,0.0,31681.0,38401.0,-6719.999999999999,3080.0,31681.0,0.0,1031681.0,0.00308,0.031681,0.0,5.42654680082495,2.806,495294,1.4139999999897555,1389796.378,0.389796378,0.04080114373814436,-358115.378,-0.358115378,-0.037721143738144364
2025-08-29,38401.0,-6279.999999999999,0.0,32121.0,38401.0,-6279.999999999999,440.0,32121.0,0.0,1032121.0,0.00044,0.032121,0.0,5.645026428581122,2.865,495294,1.4139999999897555,1419018.724,0.41901872399999984,0.021026350667320504,-386897.72399999993,-0.38689772399999983,-0.020586350667320504
2025-09-01,38401.0,-3239.9999999999995,0.0,35161.0,38401.0,-3239.9999999999995,3040.0,35161.0,0.0,1035161.0,0.00304,0.035161,0.0,5.787068687982889,2.927,495294,1.4139999999897555,1449726.952,0.449726952,0.021640467092244098,-414565.95200000005,-0.414565952,-0.018600467092244097
2025-09-02,38401.0,-4840.0,0.0,33561.0,38401.0,-4840.0,-1600.0,33561.0,-1600.0,1033561.0,-0.0016,0.033561,-0.0016,4.936298556660849,2.848,495294,1.4139999999897555,1410598.7259999998,0.4105987259999997,-0.02699006591966857,-377037.7259999998,-0.3770377259999997,0.02539006591966857
2025-09-03,38401.0,-5080.0,0.0,33321.0,38401.0,-5080.0,-240.0,33321.0,-1840.0,1033321.0,-0.00024,0.033321,-0.00184,4.713616019823605,2.87,495294,1.4139999999897555,1421495.1940000001,0.42149519400000024,0.007724711357778746,-388174.19400000013,-0.38817419400000025,-0.007964711357778747
2025-09-04,38401.0,-9680.0,0.0,28721.0,38401.0,-9680.0,-4600.0,28721.0,-6440.0,1028721.0,-0.0046,0.028721,-0.00644,2.1232832369771004,2.751,495294,1.4139999999897555,1362555.208,0.3625552080000001,-0.04146337338935813,-333834.2080000001,-0.3338342080000001,0.03686337338935813
2025-09-05,38401.0,-2920.0,0.0,35481.0,38401.0,-2920.0,6760.0,35481.0,0.0,1035481.0,0.00676,0.035481,0.0,3.0268918072408253,2.944,495294,1.4139999999897555,1458146.9500000002,0.45814695000000016,0.07015623399239179,-422665.9500000002,-0.4226659500000002,-0.06339623399239179
2025-09-08,38401.0,-2000.0,0.0,36401.0,38401.0,-2000.0,920.0,36401.0,0.0,1036401.0,0.00092,0.036401,0.0,3.165975019861166,2.908,495294,1.4139999999897555,1440316.366,0.440316366,-0.01222824901152808,-403915.3659999999,-0.403915366,0.013148249011528081
2025-09-09,38401.0,-2199.9999999999995,0.0,36201.0,38401.0,-2199.9999999999995,-200.0,36201.0,-200.0,1036201.0,-0.0002,0.036201,-0.0002,3.0965070002031596,2.845,495294,1.4139999999897555,1409112.844,0.40911284400000003,-0.02166435287176338,-372911.84400000004,-0.37291184400000005,0.021464352871763383
2025-09-10,38401.0,-1480.0000000000002,0.0,36921.0,38401.0,-1480.0000000000002,720.0,36921.0,0.0,1036921.0,0.00072,0.036921,0.0,3.246028190350981,2.875,495294,1.4139999999897555,1423971.6639999999,0.42397166399999997,0.01054480488434173,-387050.6639999999,-0.387050664,-0.00982480488434173
2025-09-11,38401.0,-640.0,0.0,37761.0,38401.0,-640.0,840.0,37761.0,0.0,1037761.0,0.00084,0.037761,0.0,3.4187232474766125,3.025,495294,1.4139999999897555,1498265.764,0.4982657639999999,0.05217386123492429,-460504.76399999997,-0.4605047639999999,-0.05133386123492429
2025-09-12,38401.0,-479.99999999999994,0.0,37921.0,38401.0,-479.99999999999994,160.0,37921.0,0.0,1037921.0,0.00016,0.037921,0.0,3.4410657393208153,2.995,495294,1.4139999999897555,1483406.9440000001,0.48340694400000017,-0.009917346012319195,-445485.94400000013,-0.4454859440000002,0.010077346012319195
2025-09-15,38401.0,-479.99999999999994,0.0,37921.0,38401.0,-479.99999999999994,0.0,37921.0,0.0,1037921.0,0.0,0.037921,0.0,3.4285339240590877,3.037,495294,1.4139999999897555,1504209.292,0.5042092919999999,0.014023358919910578,-466288.2919999999,-0.4662882919999999,-0.014023358919910578
2025-09-16,38401.0,-440.00000000000006,0.0,37961.0,38401.0,-440.00000000000006,40.0,37961.0,0.0,1037961.0,4e-05,0.037961,0.0,3.4373399722775506,3.059,495294,1.4139999999897555,1515105.7600000002,0.5151057600000002,0.007243983970815826,-477144.76000000024,-0.47714476000000017,-0.007203983970815826
2025-09-17,38401.0,-400.0,0.0,38001.0,38401.0,-400.0,40.0,38001.0,0.0,1038001.0,4e-05,0.038001,0.0,3.43361468579146,3.119,495294,1.4139999999897555,1544823.4,0.5448233999999998,0.01961423471850554,-506822.3999999999,-0.5068223999999999,-0.019574234718505543
2025-09-18,38401.0,-280.0,0.0,38121.0,38401.0,-280.0,120.0,38121.0,0.0,1038121.0,0.00012,0.038121,0.0,3.371146877102448,3.067,495294,1.4139999999897555,1519068.1120000002,0.5190681120000002,-0.016671994999557738,-480947.1120000002,-0.48094711200000023,0.016791994999557736
2025-09-19,38401.0,-200.0,0.0,38201.0,38401.0,-200.0,80.0,38201.0,0.0,1038201.0,8e-05,0.038201,0.0,3.258052249363503,3.062,495294,1.4139999999897555,1516591.642,0.5165916420000001,-0.0016302560631989982,-478390.642,-0.4783906420000001,0.0017102560631989982
2025-09-22,38401.0,-119.99999999999999,0.0,38281.0,38401.0,-119.99999999999999,80.0,38281.0,0.0,1038281.0,8e-05,0.038281,0.0,3.1658450637428572,3.082,495294,1.4139999999897555,1526497.5219999999,0.5264975219999999,0.006531672551575385,-488216.5219999999,-0.4882165219999999,-0.006451672551575385
2025-09-23,38401.0,-40.0,0.0,38361.0,38401.0,-40.0,80.0,38361.0,0.0,1038361.0,8e-05,0.038361,0.0,3.206350469069797,3.093,495294,1.4139999999897555,1531945.756,0.531945756,0.003569107660824633,-493584.75600000005,-0.49358475600000007,-0.003489107660824633
2025-09-24,38401.0,0.0,0.0,38401.0,38401.0,0.0,40.0,38401.0,0.0,1038401.0,4e-05,0.038401,0.0,3.2151204295858267,3.16,495294,1.4139999999897555,1565130.454,0.565130454,0.021661797012086703,-526729.4539999999,-0.5267294539999999,-0.021621797012086705
2025-09-25,53680.0,-11847.0,0.0,41833.0,53680.0,-11847.0,3432.0,41833.0,0.0,1041833.0,0.003432,0.041833,0.0,3.6951407471607527,3.211,495294,1.4139999999897555,1590390.4479999999,0.590390448,0.01613922592550865,-548557.4479999999,-0.548557448,-0.012707225925508648
2025-09-26,53680.0,-18480.0,0.0,35200.0,53680.0,-18480.0,-6633.0,35200.0,-6633.0,1035200.0,-0.006633,0.0352,-0.006633,1.9671089787492113,3.129,495294,1.4139999999897555,1549776.3399999999,0.5497763399999998,-0.025537193115737322,-514576.33999999985,-0.5145763399999997,0.018904193115737322
2025-09-29,53680.0,-9735.0,0.0,43945.0,53680.0,-9735.0,8745.0,43945.0,0.0,1043945.0,0.008745,0.043945,0.0,2.820058255509432,3.213,495294,1.4139999999897555,1591381.0359999998,0.5913810359999998,0.02684561309020883,-547436.0359999998,-0.5474360359999998,-0.01810061309020883
2025-09-30,53680.0,-8118.0,0.0,45562.0,53680.0,-8118.0,1617.0,45562.0,0.0,1045562.0,0.001617,0.045562,0.0,2.9813324310937177,3.217,495294,1.4139999999897555,1593362.2119999998,0.5933622119999997,0.0012449413152362254,-547800.2119999998,-0.5478002119999997,0.0003720586847637745
2025-10-09,53680.0,-2772.0,0.0,50908.0,53680.0,-2772.0,5346.0,50908.0,0.0,1050908.0,0.005346,0.050908,0.0,3.5341514515355774,3.235,495294,1.4139999999897555,1602277.5039999997,0.6022775039999997,0.005595270135601682,-551369.5039999997,-0.5513695039999997,-0.000249270135601682
2025-10-10,53680.0,-8877.0,0.0,44803.0,53680.0,-8877.0,-6105.0,44803.0,-6105.0,1044803.0,-0.006105,0.044803,-0.006105,2.51545776393088,3.095,495294,1.4139999999897555,1532936.344,0.5329363440000001,-0.043276623323296515,-488133.34400000004,-0.48813334400000014,0.037171623323296515
2025-10-13,53680.0,-12540.0,0.0,41140.0,53680.0,-12540.0,-3663.0,41140.0,-9768.0,1041140.0,-0.003663,0.04114,-0.009768,2.021506199037351,3.054,495294,1.4139999999897555,1512629.29,0.51262929,-0.013247160640089795,-471489.29000000004,-0.47148929,0.009584160640089795
2025-10-14,53680.0,-26928.0,0.0,26752.0,53680.0,-26928.0,-14388.0,26752.0,-24156.0,1026752.0,-0.014388,0.026752,-0.024156,0.24610721485286854,2.934,495294,1.4139999999897555,1453194.0100000002,0.45319401000000026,-0.03929269411410097,-426442.01000000024,-0.42644201000000026,0.02490469411410097
2025-10-15,53680.0,-12177.0,0.0,41503.0,53680.0,-12177.0,14751.0,41503.0,-9405.0,1041503.0,0.014751,0.041503,-0.009405,1.321173731794479,3.003,495294,1.4139999999897555,1487369.296,0.487369296,0.023517359529991344,-445866.2960000001,-0.445866296,-0.008766359529991344
2025-10-16,53680.0,-9174.0,0.0,44506.0,53680.0,-9174.0,3003.0,44506.0,-6402.0,1044506.0,0.003003,0.044506,-0.006402,1.5373028702399505,3.014,495294,1.4139999999897555,1492817.5299999998,0.4928175299999997,0.003663000180689213,-448311.5299999998,-0.44831152999999974,-0.0006600001806892132
2025-10-17,53680.0,-23496.0,0.0,30184.0,53680.0,-23496.0,-14322.0,30184.0,-20724.0,1030184.0,-0.014322,0.030184,-0.020724,0.39968939868840303,2.915,495294,1.4139999999897555,1443783.424,0.44378342400000004,-0.03284668421598702,-413599.4240000001,-0.41359942400000005,0.01852468421598702
2025-10-20,53680.0,-6765.0,0.0,46915.0,53680.0,-6765.0,16731.0,46915.0,-3993.0,1046915.0,0.016731,0.046915,-0.003993,1.3302810925308135,2.971,495294,1.4139999999897555,1471519.8879999998,0.4715198879999998,0.01921095888686386,-424604.8879999998,-0.4246048879999998,-0.002479958886863861
2025-10-21,53680.0,-429.0,0.0,53251.0,53680.0,-429.0,6336.0,53251.0,0.0,1053251.0,0.006336,0.053251,0.0,1.6781013201638821,3.062,495294,1.4139999999897555,1516591.642,0.5165916420000001,0.030629388272324976,-463340.642,-0.4633406420000001,-0.024293388272324974
2025-10-22,53680.0,0.0,0.0,53680.0,53680.0,0.0,429.0,53680.0,0.0,1053680.0,0.000429,0.05368,0.0,1.7030620570540174,3.039,495294,1.4139999999897555,1505199.88,0.5051998799999999,-0.00751142343431177,-451519.8799999999,-0.45151987999999993,0.00794042343431177
2025-10-23,67400.0,-10640.0,0.0,56760.0,67400.0,-10640.0,3080.0,56760.0,0.0,1056760.0,0.00308,0.05676,0.0,1.8734039964357023,3.038,495294,1.4139999999897555,1504704.5860000001,0.5047045860000001,-0.0003290553012798014,-447944.5860000001,-0.44794458600000014,0.0034090553012798013
2025-10-24,67400.0,-5180.0,0.0,62220.0,67400.0,-5180.0,5460.0,62220.0,0.0,1062220.0,0.00546,0.06222,0.0,2.1090289531484956,3.147,495294,1.4139999999897555,1558691.6319999998,0.5586916319999997,0.03587883396003666,-496471.63199999975,-0.4964716319999997,-0.03041883396003666
2025-10-27,67400.0,-4305.0,0.0,63095.0,67400.0,-4305.0,875.0,63095.0,0.0,1063095.0,0.000875,0.063095,0.0,2.1592992728434375,3.209,495294,1.4139999999897555,1589399.8599999999,0.5893998599999999,0.01970128495563772,-526304.8599999999,-0.5263048599999999,-0.01882628495563772
2025-10-28,67400.0,-3849.9999999999995,0.0,63550.0,67400.0,-3849.9999999999995,455.0,63550.0,0.0,1063550.0,0.000455,0.06355,0.0,2.1316399752390764,3.205,495294,1.4139999999897555,1587418.684,0.587418684,-0.001246493126028092,-523868.6839999999,-0.523868684,0.0017014931260280921
2025-10-29,67400.0,-3465.0000000000005,0.0,63935.0,67400.0,-3465.0000000000005,385.0,63935.0,0.0,1063935.0,0.000385,0.063935,0.0,2.1079620710407423,3.3,495294,1.4139999999897555,1634471.614,0.634471614,0.029641159244412796,-570536.6140000001,-0.570536614,-0.029256159244412796
2025-10-30,67400.0,-4375.0,0.0,63025.0,67400.0,-4375.0,-910.0,63025.0,-910.0,1063025.0,-0.00091,0.063025,-0.00091,2.0929876189457848,3.239,495294,1.4139999999897555,1604258.6799999997,0.6042586799999996,-0.01848483249339583,-541233.6799999997,-0.5412336799999996,0.01757483249339583
2025-10-31,67400.0,-4235.0,0.0,63165.0,67400.0,-4235.0,140.0,63165.0,-770.0,1063165.0,0.00014,0.063165,-0.00077,2.179162207232442,3.166,495294,1.4139999999897555,1568102.2179999999,0.5681022179999999,-0.02253780044998721,-504937.2179999999,-0.5049372179999999,0.022677800449987212
2025-11-03,67400.0,-3359.9999999999995,0.0,64040.0,67400.0,-3359.9999999999995,875.0,64040.0,0.0,1064040.0,0.000875,0.06404,0.0,2.1808102544720764,3.176,495294,1.4139999999897555,1573055.1580000003,0.5730551580000003,0.0031585568486200977,-509015.1580000003,-0.5090151580000003,-0.0022835568486200978
2025-11-04,67400.0,-4515.0,0.0,62885.0,67400.0,-4515.0,-1155.0,62885.0,-1155.0,1062885.0,-0.001155,0.062885,-0.001155,2.066511196406209,3.112,495294,1.4139999999897555,1541356.3420000002,0.5413563420000003,-0.020151115387652574,-478471.3420000002,-0.4784713420000003,0.018996115387652574
2025-11-05,67400.0,-3815.0,0.0,63585.0,67400.0,-3815.0,700.0,63585.0,-455.0,1063585.0,0.0007,0.063585,-0.000455,2.087766159874605,3.142,495294,1.4139999999897555,1556215.162,0.556215162,0.009640093984185194,-492630.162,-0.492630162,-0.008940093984185195
2025-11-06,67400.0,-2240.0,0.0,65160.0,67400.0,-2240.0,1575.0,65160.0,0.0,1065160.0,0.001575,0.06516,0.0,2.15827241908772,3.201,495294,1.4139999999897555,1585437.508,0.5854375079999998,0.018777831442307935,-520277.5079999999,-0.5202775079999998,-0.017202831442307935
2025-11-07,67400.0,-1820.0,0.0,65580.0,67400.0,-1820.0,420.0,65580.0,0.0,1065580.0,0.00042,0.06558,0.0,2.2018163853158708,3.185,495294,1.4139999999897555,1577512.804,0.5775128039999999,-0.004998433530184809,-511932.804,-0.511932804,0.0054184335301848095
2025-11-10,67400.0,-1295.0,0.0,66105.0,67400.0,-1295.0,525.0,66105.0,0.0,1066105.0,0.000525,0.066105,0.0,2.2212423268371184,3.158,495294,1.4139999999897555,1564139.866,0.5641398659999999,-0.008477229450113644,-498034.8659999999,-0.4980348659999999,0.009002229450113643
2025-11-11,67400.0,-2135.0000000000005,0.0,65265.0,67400.0,-2135.0000000000005,-840.0,65265.0,-840.0,1065265.0,-0.00084,0.065265,-0.00084,2.131148094569583,3.113,495294,1.4139999999897555,1541851.636,0.5418516359999999,-0.014249512134102194,-476586.63599999994,-0.47658663599999984,0.013409512134102193
2025-11-12,67400.0,-1750.0000000000002,0.0,65650.0,67400.0,-1750.0000000000002,385.0,65650.0,-455.0,1065650.0,0.000385,0.06565,-0.000455,2.139791408274773,3.108,495294,1.4139999999897555,1539375.1660000002,0.5393751660000001,-0.0016061662109231323,-473725.1660000002,-0.47372516600000014,0.001991166210923132
2025-11-13,67400.0,-805.0,0.0,66595.0,67400.0,-805.0,945.0,66595.0,0.0,1066595.0,0.000945,0.066595,0.0,2.194011867074835,3.182,495294,1.4139999999897555,1576026.9219999998,0.5760269219999998,0.02380950193917819,-509431.9219999998,-0.5094319219999999,-0.02286450193917819
2025-11-14,67400.0,-1610.0,0.0,65790.0,67400.0,-1610.0,-805.0,65790.0,-805.0,1065790.0,-0.000805,0.06579,-0.000805,2.146648043159749,3.093,495294,1.4139999999897555,1531945.756,0.531945756,-0.027969805201081277,-466155.75600000005,-0.46615575600000003,0.027164805201081277
2025-11-17,67400.0,-1050.0,0.0,66350.0,67400.0,-1050.0,560.0,66350.0,-245.0,1066350.0,0.00056,0.06635,-0.000245,2.1707592602601915,3.084,495294,1.4139999999897555,1527488.1099999999,0.52748811,-0.002909793628489421,-461138.10999999987,-0.46113810999999993,0.0034697936284894208
2025-11-18,67400.0,-1260.0,0.0,66140.0,67400.0,-1260.0,-210.0,66140.0,-455.0,1066140.0,-0.00021,0.06614,-0.000455,2.1557835453586502,3.051,495294,1.4139999999897555,1511143.4080000003,0.5111434080000004,-0.010700379199678034,-445003.4080000003,-0.4450034080000004,0.010490379199678034
2025-11-19,67400.0,-770.0,0.0,66630.0,67400.0,-770.0,490.0,66630.0,0.0,1066630.0,0.00049,0.06663,0.0,2.181339165581828,3.057,495294,1.4139999999897555,1514115.1719999998,0.5141151719999999,0.001966566498101452,-447485.1719999998,-0.44748517199999993,-0.001476566498101452
2025-11-20,67400.0,-630.0,0.0,66770.0,67400.0,-630.0,140.0,66770.0,0.0,1066770.0,0.00014,0.06677,0.0,2.1922009564601344,3.026,495294,1.4139999999897555,1498761.0579999997,0.4987610579999997,-0.010140651308393367,-431991.0579999997,-0.4319910579999997,0.010280651308393366
2025-11-21,67400.0,-4095.0000000000005,0.0,63305.0,67400.0,-4095.0000000000005,-3465.0,63305.0,-3465.0,1063305.0,-0.003465,0.063305,-0.003465,1.9765534183663904,2.904,495294,1.4139999999897555,1438335.19,0.4383351899999999,-0.04031721245855846,-375030.18999999994,-0.3750301899999999,0.03685221245855846
2025-11-24,67400.0,-1295.0,0.0,66105.0,67400.0,-1295.0,2800.0,66105.0,-665.0,1066105.0,0.0028,0.066105,-0.000665,2.12903701939487,2.908,495294,1.4139999999897555,1440316.366,0.440316366,0.0013774091142135791,-374211.3659999999,-0.37421136600000005,0.0014225908857864208
2025-11-25,67400.0,-70.0,0.0,67330.0,67400.0,-70.0,1225.0,67330.0,0.0,1067330.0,0.001225,0.06733,0.0,2.2038872328918715,2.961,495294,1.4139999999897555,1466566.9479999999,0.46656694799999987,0.018225566701642215,-399236.94799999986,-0.39923694799999987,-0.017000566701642215
2025-11-26,67400.0,0.0,0.0,67400.0,67400.0,0.0,70.0,67400.0,0.0,1067400.0,7e-05,0.0674,0.0,2.1998017706664585,3.027,495294,1.4139999999897555,1499256.352,0.49925635199999996,0.02228974547979523,-431856.35199999996,-0.43185635199999994,-0.02221974547979523
2025-11-27,77340.0,-13265.0,0.0,64075.0,77340.0,-13265.0,-3325.0,64075.0,-3325.0,1064075.0,-0.003325,0.064075,-0.003325,1.997270255746947,3.012,495294,1.4139999999897555,1491826.9419999998,0.4918269419999999,-0.00495539671390377,-427751.9419999998,-0.4277519419999999,0.0016303967139037704
2025-11-28,77340.0,-9555.0,0.0,67785.0,77340.0,-9555.0,3710.0,67785.0,0.0,1067785.0,0.00371,0.067785,0.0,2.0300412152117215,3.035,495294,1.4139999999897555,1503218.704,0.503218704,0.007636114940200667,-435433.7039999999,-0.43543370400000003,-0.003926114940200667
2025-12-01,77340.0,-6825.0,0.0,70515.0,77340.0,-6825.0,2730.0,70515.0,0.0,1070515.0,0.00273,0.070515,0.0,2.155223292143783,3.073,495294,1.4139999999897555,1522039.8760000002,0.5220398760000002,0.012520581303251399,-451524.87600000016,-0.45152487600000024,-0.0097905813032514
2025-12-02,77340.0,-7035.0,0.0,70305.0,77340.0,-7035.0,-210.0,70305.0,-210.0,1070305.0,-0.00021,0.070305,-0.00021,1.9766566645592716,3.052,495294,1.4139999999897555,1511638.702,0.511638702,-0.0068337066354233755,-441333.70200000005,-0.44133370199999994,0.006623706635423375
2025-12-03,77340.0,-7699.999999999999,0.0,69640.0,77340.0,-7699.999999999999,-665.0,69640.0,-875.0,1069640.0,-0.000665,0.06964,-0.000875,2.03171640767975,3.019,495294,1.4139999999897555,1495294.0,0.4952939999999999,-0.010812571799316162,-425654.0,-0.4256539999999999,0.010147571799316161
2025-12-04,77340.0,-5425.0,0.0,71915.0,77340.0,-5425.0,2275.0,71915.0,0.0,1071915.0,0.002275,0.071915,0.0,2.1717143214623102,3.051,495294,1.4139999999897555,1511143.4080000003,0.5111434080000004,0.010599526247012436,-439228.4080000003,-0.43922840800000035,-0.008324526247012437
2025-12-05,77340.0,-2800.0000000000005,0.0,74540.0,77340.0,-2800.0000000000005,2625.0,74540.0,0.0,1074540.0,0.002625,0.07454,0.0,2.602351030448507,3.089,495294,1.4139999999897555,1529964.58,0.5299645800000001,0.012454921154643861,-455424.5800000001,-0.45542458000000013,-0.00982992115464386
2025-12-08,77340.0,-1750.0000000000002,0.0,75590.0,77340.0,-1750.0000000000002,1050.0,75590.0,0.0,1075590.0,0.00105,0.07559,0.0,2.3105875026202383,3.171,495294,1.4139999999897555,1570578.688,0.5705786880000001,0.02654578317100653,-494988.6880000001,-0.4949886880000001,-0.025495783171006533
2025-12-09,77340.0,-1295.0,0.0,76045.0,77340.0,-1295.0,455.0,76045.0,0.0,1076045.0,0.000455,0.076045,0.0,2.283819128112721,3.188,495294,1.4139999999897555,1578998.6860000002,0.5789986860000003,0.0053610800046715035,-502953.6860000002,-0.5029536860000002,-0.004906080004671504
2025-12-10,77340.0,-1295.0,0.0,76045.0,77340.0,-1295.0,0.0,76045.0,0.0,1076045.0,0.0,0.076045,0.0,2.2956173698757616,3.192,495294,1.4139999999897555,1580979.8620000002,0.5809798620000002,0.0012547040206973836,-504934.8620000002,-0.5049348620000002,-0.0012547040206973836
2025-12-11,77340.0,-1995.0,0.0,75345.0,77340.0,-1995.0,-700.0,75345.0,-700.0,1075345.0,-0.0007,0.075345,-0.0007,2.2122099297202853,3.146,495294,1.4139999999897555,1558196.338,0.5581963379999999,-0.0144110146799582,-482851.338,-0.4828513379999999,0.013711014679958201
2025-12-12,77340.0,-1120.0,0.0,76220.0,77340.0,-1120.0,875.0,76220.0,0.0,1076220.0,0.000875,0.07622,0.0,2.2142117469660336,3.174,495294,1.4139999999897555,1572064.5699999998,0.5720645699999998,0.00890018264181025,-495844.56999999983,-0.49584456999999976,-0.00802518264181025
2025-12-15,77340.0,-1260.0,0.0,76080.0,77340.0,-1260.0,-140.0,76080.0,-140.0,1076080.0,-0.00014,0.07608,-0.00014,2.19661291984444,3.12,495294,1.4139999999897555,1545318.6940000001,0.5453186940000001,-0.01701321721155491,-469238.69400000013,-0.4692386940000001,0.01687321721155491
2025-12-16,77340.0,-2205.0,0.0,75135.0,77340.0,-2205.0,-945.0,75135.0,-1085.0,1075135.0,-0.000945,0.075135,-0.001085,2.1404585127495412,3.06,495294,1.4139999999897555,1515601.054,0.515601054,-0.01923075163419985,-440466.054,-0.440466054,0.01828575163419985
2025-12-17,77340.0,-560.0,0.0,76780.0,77340.0,-560.0,1645.0,76780.0,0.0,1076780.0,0.001645,0.07678,0.0,2.2321847838576083,3.164,495294,1.4139999999897555,1567111.63,0.5671116299999999,0.03398689639602215,-490331.6299999999,-0.49033162999999985,-0.03234189639602215
2025-12-18,77340.0,-875.0000000000001,0.0,76465.0,77340.0,-875.0000000000001,-315.0,76465.0,-315.0,1076465.0,-0.000315,0.076465,-0.000315,2.2112885017607575,3.092,495294,1.4139999999897555,1531450.4619999998,0.5314504619999998,-0.022755984524216788,-454985.4619999998,-0.4549854619999998,0.02244098452421679
2025-12-19,77340.0,-350.00000000000006,0.0,76990.0,77340.0,-350.00000000000006,525.0,76990.0,0.0,1076990.0,0.000525,0.07699,0.0,2.2348011911458707,3.107,495294,1.4139999999897555,1538879.872,0.5388798719999999,0.004851224498830797,-461889.872,-0.46188987199999987,-0.004326224498830797
2025-12-22,77340.0,-140.0,0.0,77200.0,77340.0,-140.0,210.0,77200.0,0.0,1077200.0,0.00021,0.0772,0.0,2.2423912546740024,3.175,495294,1.4139999999897555,1572559.864,0.572559864,0.02188604361705515,-495359.86400000006,-0.49535986400000004,-0.021676043617055153
2025-12-23,77340.0,-35.0,0.0,77305.0,77340.0,-35.0,105.0,77305.0,0.0,1077305.0,0.000105,0.077305,0.0,2.243853348032852,3.185,495294,1.4139999999897555,1577512.804,0.5775128039999999,0.003149603467178297,-500207.804,-0.500207804,-0.003044603467178297
2025-12-24,77340.0,0.0,0.0,77340.0,77340.0,0.0,35.0,77340.0,0.0,1077340.0,3.5e-05,0.07734,0.0,2.2412188379356213,3.212,495294,1.4139999999897555,1590885.742,0.590885742,0.008477229450113644,-513545.7420000001,-0.513545742,-0.008442229450113643
2025-12-25,87240.0,-8646.0,0.0,78594.0,87240.0,-8646.0,1254.0,78594.0,0.0,1078594.0,0.001254,0.078594,0.0,2.31104973833643,3.222,495294,1.4139999999897555,1595838.682,0.5958386820000001,0.0031133222639692093,-517244.68200000003,-0.5172446820000001,-0.0018593222639692094
2025-12-26,87240.0,-8514.0,0.0,78726.0,87240.0,-8514.0,132.0,78726.0,0.0,1078726.0,0.000132,0.078726,0.0,2.127611457529363,3.226,495294,1.4139999999897555,1597819.858,0.597819858,0.0012414638286102342,-519093.858,-0.5190938580000001,-0.0011094638286102342
2025-12-29,87240.0,-9636.0,0.0,77604.0,87240.0,-9636.0,-1122.0,77604.0,-1122.0,1077604.0,-0.001122,0.077604,-0.001122,2.4953490143497086,3.205,495294,1.4139999999897555,1587418.684,0.587418684,-0.0065096036627178,-509814.6839999999,-0.509814684,0.0053876036627178
2025-12-30,87240.0,-7787.999999999999,0.0,79452.0,87240.0,-7787.999999999999,1848.0,79452.0,0.0,1079452.0,0.001848,0.079452,0.0,2.1469908306274466,3.229,495294,1.4139999999897555,1599305.7400000002,0.5993057400000001,0.0074882928617465705,-519853.7400000002,-0.5198537400000002,-0.005640292861746571
2025-12-31,87240.0,-9108.0,0.0,78132.0,87240.0,-9108.0,-1320.0,78132.0,-1320.0,1078132.0,-0.00132,0.078132,-0.00132,1.9672947328036943,3.186,495294,1.4139999999897555,1578008.0979999998,0.5780080979999997,-0.01331680457796669,-499876.09799999977,-0.49987609799999977,0.01199680457796669
