date,hv,IV_K3.3,IV_K3.2,IV_K3.4,IV_K3.1
2025-07-28,0.15298110711074958,,,,
2025-07-29,0.15608476804356142,,,,
2025-07-30,0.16446993160181939,,,,
2025-07-31,0.17854570719423699,,,,
2025-08-01,0.17685940969889,,,,
2025-08-04,0.16859299818082543,,,,
2025-08-05,0.15477399890852253,,,,
2025-08-06,0.1550355449517592,,,,
2025-08-07,0.15940769295659804,,,,
2025-08-08,0.1603844276120843,,,,
2025-08-11,0.16813878627545076,,,,
2025-08-12,0.1650039226934224,,,,
2025-08-13,0.19754402643460378,,,,
2025-08-14,0.19989075226738584,,,,
2025-08-15,0.21265407499078318,,,,
2025-08-18,0.2270401208350113,,,,
2025-08-19,0.2291898724567199,,,,
2025-08-20,0.2279016913176543,,,,
2025-08-21,0.22849832709060844,,,,
2025-08-22,0.24771222396687276,,,,
2025-08-25,0.25789648245733204,,,,
2025-08-26,0.26074549287009846,,,,
2025-08-27,0.25286759776546286,,,,
2025-08-28,0.25889518071684825,,,,
2025-08-29,0.25930175269687394,,,,
2025-09-01,0.2605653661280844,,,,
2025-09-02,0.29264873664558055,,,,
2025-09-03,0.29254290985173087,,,,
2025-09-04,0.3405748058312331,,,,
2025-09-05,0.3940440678381474,,,,
2025-09-08,0.40185016681719116,,,,
2025-09-09,0.41710693177892383,,,,
2025-09-10,0.4051248886089459,,,,
2025-09-11,0.42550462269426914,,,,
2025-09-12,0.4276023429694386,,,,
2025-09-15,0.4219925173772243,,,,
2025-09-16,0.42017594350412546,,,,
2025-09-17,0.42157954695238786,,,,
2025-09-18,0.42805432504878455,,,,
2025-09-19,0.41896431232969594,,,,
2025-09-22,0.41207459893400256,,,,
2025-09-23,0.40921013449056265,,,,
2025-09-24,0.40903274515864685,,,,
2025-09-25,0.3934753471072037,,,,
2025-09-26,0.40540830332629463,,,,
2025-09-29,0.4084635253314876,,,,
2025-09-30,0.39185920743622477,,,,
2025-10-09,0.39181848774460054,,,,
2025-10-10,0.39480488454044527,,,,
2025-10-13,0.32875762556923804,,,,
2025-10-14,0.356676796580366,,,,
2025-10-15,0.35523459360401194,,,,
2025-10-16,0.35413217793912405,,,,
2025-10-17,0.32773980432227967,,,,
2025-10-20,0.3339876035918151,,,,
2025-10-21,0.34723373940479374,,,,
2025-10-22,0.3473418503182931,,,,
2025-10-23,0.3398302190612381,,,,
2025-10-24,0.3572086100485605,,,,
2025-10-27,0.3624815618599749,,,,
2025-10-28,0.36235183882310823,,,,
2025-10-29,0.3744472919375888,,,,
2025-10-30,0.3755928101203613,,,,
2025-10-31,0.3803239516643555,,,,
2025-11-03,0.36922231261502586,,,,
2025-11-04,0.3635948582262638,,,,
2025-11-05,0.3655592545952592,,,,
2025-11-06,0.37132517450145713,,,,
2025-11-07,0.33628839369979596,,,,
2025-11-10,0.33402617620880043,,,,
2025-11-11,0.30400586186295886,,,,
2025-11-12,0.2951427032065474,,,,
2025-11-13,0.30464362310387944,,,,
2025-11-14,0.29754580419604176,,,,
2025-11-17,0.29225590576248467,,,,
2025-11-18,0.27617537300284545,,,,
2025-11-19,0.2749388468159121,,,,
2025-11-20,0.277328444417961,,,,
2025-11-21,0.28024009286040846,,,,
2025-11-24,0.26780443774761753,,,,
2025-11-25,0.2792334726466343,,,,
2025-11-26,0.26943743779289453,,,,
2025-11-27,0.26437221176129083,,,,
2025-11-28,0.25744011612188367,,,,
2025-12-01,0.26180362249231165,,,,
2025-12-02,0.25368891158559703,,,,
2025-12-03,0.25282722532868107,,,,
2025-12-04,0.24599804793308191,,,,
2025-12-05,0.2509785236032544,,,,
2025-12-08,0.2670305843680309,,,,
2025-12-09,0.2621521576700341,,,,
2025-12-10,0.26195422803247664,,,,
2025-12-11,0.25429321931939797,,,,
2025-12-12,0.2348931328504212,,,,
2025-12-15,0.24313382094544694,,,,
2025-12-16,0.24997230997171713,,,,
2025-12-17,0.2752672027486243,,,,
2025-12-18,0.28564278011065714,,,,
2025-12-19,0.24076014831520712,,,,
2025-12-22,0.24872178329383574,,,,
2025-12-23,0.24369573976880612,,,,
2025-12-24,0.2351499444226787,0.26345405957262447,0.24761593644868718,0.27856164218969803,0.23141735146572184
2025-12-25,0.23336998316140534,0.2576938412160438,0.2429869626877071,0.27149477909979053,0.22841485074694423
2025-12-26,0.23295260496128914,0.2620810038201584,0.24855310989952478,0.2786071308807937,0.2335933452595756
2025-12-29,0.23256358471891084,0.2727128232956891,0.25834004620860135,0.2860769927624997,0.2438513469315849
2025-12-30,0.23088259044037612,0.26502498358962884,0.2568741511195888,0.28207213023954,0.2399522329435404
2025-12-31,0.23293384867394668,0.2666804715504496,0.25869996835389714,0.2808426094636392,0.24903952690010095
2026-01-05,0.24946645905698886,0.2620717074938489,0.24993453925512277,0.2744745041842474,0.23531285050110518
2026-01-06,0.2477232970873486,0.27526985507270885,0.2629555799751209,0.2854428147294751,0.2563185913543757
2026-01-07,0.2333291424102075,0.27132677649484416,0.2613888132218517,0.28211295093147926,0.2502703236159648
2026-01-08,0.23523573538235162,0.27284803403187874,0.2629284174911854,0.2851257264588336,0.2535018189888192
2026-01-09,0.23635171500301455,0.27623885776588,0.2715036948595699,0.28891682054669604,0.2647218344691781
2026-01-12,0.23399078175092647,0.34256490175661736,0.3198193054675944,0.3527186947644782,0.30461447112585815
2026-01-13,0.24596596686131045,0.3138892450259793,0.29937687542402425,0.3301291956436644,0.2890186613310767
2026-01-14,0.2364015062709687,0.29754657849535865,0.28705485755808363,0.31023058085337507,0.2768321265898512
2026-01-15,0.22152938028060784,0.2837089527150013,0.2755667030066705,0.29351871234621507,0.2700783448244509
2026-01-16,0.1957133888568782,0.27723513794370763,0.27095801474349585,0.2876836682409732,0.267397541341691
2026-01-19,0.17706667637091536,0.24708392636116241,0.24381071136471066,0.2547007815974741,0.24434108208144084
2026-01-20,0.19026588491506768,0.23175010400580018,0.22722116142256166,0.2395711942456092,0.2317934837450638
2026-01-21,0.17750785777976844,0.2286903940612846,0.22515725669767434,0.24112321104343656,0.22820743355130174
2026-01-22,0.17998554700151467,0.2324399083166123,0.2283368301394651,0.2428355591123599,0.23241880812531104
2026-01-23,0.1792713112822245,0.24680869801486585,0.24791811919069612,0.25839263014314373,0.25725134760547885
2026-01-26,0.1835676015756516,0.25578221968652926,0.250753911566207,0.2702454829714696,0.2576074800153292
2026-01-27,0.1845022942592186,0.24581618784026552,0.24378049490172987,0.26046600841534584,0.25165581363555783
2026-01-28,0.18423388485913125,0.24385998332033146,0.2370215364344759,0.2562208015099106,0.24661165652738581
2026-01-29,0.18407712602551596,0.24228036169690942,0.23566571169813844,0.256988106357929,0.24282351966363624
2026-01-30,0.18072330992220403,0.2383926516504995,0.24696082439259118,0.2460807509908572,0.26152789047662567
2026-02-02,0.17621812468329087,0.2902955191774089,0.29864395820339745,0.29894765571984017,0.31652113799528625
2026-02-03,0.1867767793858267,0.24018897512187554,0.24652966143546692,0.251938061045744,0.25253784285727904
2026-02-04,0.18735415267464225,0.22411428239530487,0.23046604091847242,0.22607877555417288,0.24424992978626375
2026-02-05,0.19599046335771872,0.21583166123133518,0.2239725554159072,0.20690175744676198,0.25092763156858344
2026-02-06,0.19334795265431945,0.21997444686453052,0.22675896243363586,0.23002833151531538,0.2424083887947917
2026-02-09,0.20963818811264467,0.2087960219027426,0.21418109689519974,0.2197210181991195,0.22173887377861745
2026-02-10,0.19855822877951743,0.18947426094894979,0.19370343898642906,0.19764876383411256,0.201444647023272
2026-02-11,0.20032824789455422,0.1798572980194018,0.1833755364373466,0.19712316363167634,0.20820676485027706
2026-02-12,0.20560608665378746,0.16978103124064797,0.17858070055291278,0.1769304197031671,0.20503393261843986
2026-02-13,0.21285488829220262,0.18775719919630474,0.1985434066915685,0.2149048076328082,0.2336494563920981
2026-02-24,0.21405455976131207,0.2079393184415813,,,
